{"x": 168.8921661376953, "y": 57.02791976928711, "z": 22.72953987121582, "r": 20.04437255859375, "j1": 18.657705307006836, "j2": 3.873375415802002, "j3": 59.377159118652344, "j4": 1.386667251586914, "mode": "linear", "actuator": "on"}